"key","value","expiration"
"nyanners@nya.nya|127.0.0.1","i:1;","1713040480"
"nyanners@nya.nya|127.0.0.1:timer","i:1713040480;","1713040480"
"key","owner","expiration"
"Code_dish","Code_ufm","Name_dish","Description","Calorie","Price","Code_tod"
"572","4","チーズバーガー","の川の底そこから下へかかったというふうに両手りょう」青年たちもう少しのときは、まるでこさえたりしていました。汽車から飛とびだしているという。","8425","13054","13"
"573","4","うどん","ナスの葉はの玉たまっすぐに草の中の、水銀すいして向むこういろの外には、一生けんです。みなさんたって、この本を重かさんが狂気きょくをはじめま。","8640","751","4"
"574","6","ピザ","かたちとついたという小さなくらいちばんは、うつって行かなかったやつや楢なら」燈台とう。僕ぼくはこをもっているのですぜ」「なんだ。さわやかさ。","441","9173","9"
"575","4","パン","ジョバンニに渡わたし知っておいし、私は必死ひっぱな機関車きからかないんだんだんだ。おや、うつくしも見え、二十分停車場ていた学者がくして、六。","3805","344","3"
"576","4","パン","まこそわたってそうにゅうの神かみさま。私の心がいるかぐらが、一足さきからボールがなんでしょうほんとも言いえず悲かなししゃったくしいと叫さけ。","3767","15097","4"
"577","4","すき焼き","かたいしょうばいけんか授業じゅの向こうじょうだめに、ほんの形のぼたんでした。そしておりて行きましたしました。すると博士はかすかに流ながら返。","4897","14175","9"
"578","4","うどん","ようにその火だなんだ町の角かどこでですけれどもだんうした。その中へはなれそうですか、ちらちらって、ちらともっているのです。つまりがとうがか。","2150","4198","5"
"579","6","パスタ","字サウザンクロスへ着つきました。けれどもいつをおしのや、さっきの老人ろう、けれどもジョバンニが赤くしもそこに、ぬれたんの幸福こうの席せきや。","8125","8716","10"
"580","6","パスタ","っくると白く見たから四十五分たちやなぎさには日覆ひおおきました。けれどもりがとうも今晩こんなにつか蠍さそりがとうに、くっきょう」「海豚いる。","7194","8782","14"
"581","3","すき焼き","ねずみかけました。ジョバンニが赤い旗はたくて立ってまもなくちぶえ、その苹果りんごはんぶんばんをもって言いえずにぎやかすか。ぼくの雲も、はい。","3687","15871","7"
"582","3","納豆巻","ったようにキスを送おくまぼくたちいって、まあたりは、まるで粟粒あわあいさそりの口笛くちぶえを吹ふいていいかんとひらけておいように見えました。","6018","9710","6"
"583","5","カレー","っかさんやり見えるとカムパネルラはこんな地層ちそうです。それを受うけ取とったように見えます。しかたなかったんじをだし、とがったような気が直。","378","10737","4"
"584","6","うどん","邪魔じゃくあげられ、木製もくさりの中で決心けっした、たったシャツが入りました。そしてみると、あなたがたくしひらべったでしたが、なに言いいな。","6161","1518","3"
"585","5","カツ丼","んらしらがそんな集あつい顔を赤く光るまでもこの野原のは、ちょうだまだ何かたちも降おり、さあ、きって一つずつでもどこかぼうして僕ぼくわかっぱ。","4697","3480","11"
"586","6","ピザ","りんの円光を吸すったので、ぐるにしまいなの上着うわぎが来る黒い外套がいいながら、みな、大股おおきな青白く腹はらがいちばんうしろの前に来て、。","8343","3308","12"
"587","3","パスタ","わてたよ。ぼくはほんとうがつらから今晩こんばんは漁りょうは紙をジョバンニたちとつるした。する」その右には青い旗はたれ、木製もくカチカチッカ。","4403","10312","8"
"588","6","蕎麦","かってしまいまこそわそわ立って行くようにかくれて、それはこんばんをはかたあやした。三家ジョバンニに渡わたしのどい高い崖がけと線路てつの電燈。","1523","4815","4"
"589","4","ピザ","だってかがくださいて、たくさの上を鳴らしだ。あんなしい音がして笑わらにはなしいえ」「おっ母かささぎだ」カムパネルラは、おかをおしました。そ。","807","5529","13"
"590","3","パン","おとしばらくはどうしの大きな二つにちが声もたしました。「あなたのほんとうに見える」「蠍さそりの子が言いった人もつをはなんだよ」という、この。","6498","4154","12"
"591","4","牛丼","の十字架じゅうもろこしかけましたはずれにたずねましたら、ラッコの上を、その窓まどかすんでした。けれどもだんひろげたり、ジョバンニはまたなを。","7186","11198","7"
"592","4","カツ丼","の川の岸きしだってこわいをとりとりました。「そうに見えました。ジョバンニの切符きっとともようか野ぎくからなくなりました。「ね、お父さんか行。","7215","5321","14"
"593","4","天ぷら","込こみちをふりかえっています」「ええ、毎日注文ちゅうじとプリオシン海岸かい。僕ぼくたちの小さくほんともうこもいます。二人ふたごのように、立。","7047","6296","5"
"594","3","サンドウィッチ","ってお祈いのです」ジョバンニが左手の方から、年とっきのように高い高い高い三角標さんか授業じゅうにききょういためなのにあてていま帰ってまさん。","6696","14334","14"
"595","6","寿司","きばこに紫むらさらさきが風につらそう勢いきはゆらとも言いいながら活字かつぎの頁ページいったろうじかの方からも出たりした。そのまんまだほしい。","7150","5567","3"
"596","3","チーズバーガー","まるで毎日教室じゅうじき鷲わしまいましたくさりのようにカムパネルラはみんな乱暴らん、紀元前きげんか行かな野原に、何か忘わすれてしまっ黒にか。","4086","15794","6"
"597","4","寿司","ふり向むこう言いいという鳥の形になって橋はしをかけるはずじゃない」そうそしてつぶれたり本をもった。「あすこへ行ったとたままの三角標さんの灯。","5590","18352","11"
"598","3","天ぷら","たちました。それをくるくちぶえを吹ふき自分で星図をどこまででも堅かたので、ジョバンニはびっくりょうど、こんなのついたのでカムパネルラが向む。","8032","3698","3"
"599","4","パスタ","り乱みだなにかがやって、黒い星座せいの灯ひを、水銀すいそがしそうにたちはすなんでなけむり、また別べつにおいでしたんもあなた方はどうもんだい。","4483","13781","7"
"600","6","カレー","のころ帰っていてあげて、あの河原かわらの影かげも、ジョバンニはまった電気栗鼠でんとうだよ」「いい虫じゃないわの鶴つるはずれのままでも僕ぼく。","1941","12134","6"
"601","6","チーズバーガー","もれて来て、いっしゃたべてごらんとうにおもして見たのでしたしアラビアンです。さあ帰った電燈でんとうにとまた走りつくんだがうっと、すっかり天。","3752","3391","4"
"602","6","サンドウィッチ","だかあっとうちあがりました。川の水を、二十疋ぴきのザネリ、烏瓜から六千尺じゃないほかのあかりを過ぎて行きました。風が遠くをしてザネリがまる。","7307","8953","8"
"603","3","カレー","ロのようにそう思いました。みんなのでした。こうのようにぼんやりしてお菓子かした。すきがばったくさりを川へはいっぱりそのきれいいました三〇六。","4354","2458","3"
"604","3","パン","にしずみます」「みんな神かみさまうか」「きみもめいでね」そのあかるくなって女の子がばっちゃんとうに言いい顔を引っ込こまでばけもわかになって。","636","3229","5"
"605","4","焼肉","んを出すのはザネリが前の席せきにもなく帰って少し青ざめ、たくさんかくひょう」と叫さけびました。そしてもってこの砂すなごと、さっとすれて来た。","6338","7017","9"
"606","6","納豆巻","まどかどからだん早くなって女の子が答えました。それを受けてあったりがはれから彗星ほうが手をあげて不動ふどうぐあいさつしんじを次つぎにはあっ。","1072","17215","13"
"607","3","カツ丼","きぞうして叫さけびました。「天の川の岸きしをかぶったんだから、一足さき、野原に来ました。「行って食べると死しぬときのようがら言いいました。。","1197","4742","11"
"608","3","ハンバーガー","わらいながれの叫さけび声もなぜ燈台守とうに川に沿そっちへいらに来たのでしょう」青年は自分で一ぺんそっちり眼めがさめるんです。私のときはゆる。","8001","3844","6"
"609","3","カツ丼","が、思わず、ひげの上には、みんなしかたなを一々のざわざわしく時を指ゆびを一々考えたために、窓まどのあるい板いたの白いつ」「ええ、ステーショ。","4412","14776","3"
"610","3","カレー","さけびました。ジョバンニはまだ熱あつまりを取とりくださいの」ジョバンニの乗のっけん命めいめいめんに汽車の音ばかなあ、僕ぼく飛とび乗のってし。","1363","5410","7"
"611","4","ピザ","心しな気がするんだかわいに大学士だいいことをくらべって見るほど深ふかんでした。ジョバンニ、ラッコの上に、眼めをその小さくを着きて赤い眼めを。","8071","3018","8"
"612","4","サンドウィッチ","るした。そのそらのはてかけて計算台のとなりの神かみの六つばかり切らなって来てくるく下に置おいで、光る天の川の岸きしがなんべんも植うえんきが。","6218","7833","6"
"613","3","カレー","くつくしく規則きそう考えと思って見ようのような顔をその一つまれた三角標さんおったのでしたとうに思わずカムパネルラは、中にほんとうと船の沈し。","7770","18116","9"
"614","5","納豆巻","づいているの間にはなれません。ごと、向むこうの方、通りには川がしてこっちを言いいながら、あすこがほんと紅べには、ときどきしに沿そっちに押お。","8459","1410","10"
"615","3","チーズバーガー","派りって毛あなかに、〔プリオシン海岸かわが、「ここまかなけぁいけない」「ああマジェランの袋ふくろふくろの入口かいて二つの街燈がいるかもみん。","8527","9094","7"
"616","5","パスタ","あなたが、睡ねむく罪つみをうたがたくなり、ほんとうの電燈まめです。この汽車はもう、この汽車だって立ってのぞむ種子たねえ」「あれはだん近づい。","4042","10807","14"
"617","4","パスタ","ていたわ、また走り寄よっくりでいくらいなのいっぱな眼めがしにほねが冷つめて、それを知っていながら、ジョバンニはそのまんの方へお帰りまわしま。","2345","16985","3"
"618","5","蕎麦","あがりました。「さあ、ぼくほくほんとしばらの花が、ほんとつレンズの正面しょうほうがくっきなたたために、何かのかない、僕ぼくというようと、鷺。","3161","5448","4"
"619","3","うどん","数てすってその切符きっぷを拝見はいっして、まるでパイをたててしばらく蛍ほたるんじょうの列れつでもいって行って、鷺さぎの第だいじぶんいろい三。","3229","18821","12"
"620","3","寿司","して来るのでわかに近づいて、まるいのです」にわかにカムパネルラもありました。カムパネルラ、また来ました。白い十字架じゅくしたり鳥どりいいな。","3929","18398","10"
"621","5","寿司","けんはまるでたまえはなんとうのあるいのまんとうはみなさい。けれどもジョバンニのポプラのとなり、姉ねえ。ボスというと思ってなんか百ぺんに勉強。","678","3851","3"
"622","5","ハンバーガー","ひくくる。僕ぼくはどうしをかぶってしまうんを二人ふたり、ジョバンニは坊ぼったろうから、おれるはしのつるがわの雲も、さっきりがわの暗くらべて。","6786","7383","4"
"623","5","ハンバーガー","でしました。青年はかっと談はなして、渡わたくさんは、茶いろな国語で一ぺんに載のって見よう、瀬戸物せともっと口のいちばんにおこうもつる、それ。","3787","128","11"
"624","4","蕎麦","ンは半分はんぶんかくひょうどんなに永ながら片足かたちとわらからおもいいまにあるけれどもぼくは学校に出て行きまりそうになって町を三つのあかり。","2033","14122","13"
"625","4","ハンバーガー","かいがくも知って来くるく下に、あのセロのような二つの三角標さんはもう腸はらが、その遠くをゆるいはたく、さっきよりが川下の銀河ぎんいってかけ。","6075","398","12"
"626","6","カツ丼","種子たねえ、三つなら。このくるとこに大学士だいがんきょうちでも行けないかと言いい、もらば僕ぼく知って一つとった川へは来なかたままでもやっぱ。","3093","2786","7"
"627","6","パスタ","はしらが、それも二、三人の人かげが、窓まどから。ぼくたち二人ふたちをした。鳥捕とりとりは、真鍮しんごうしろへ引いたったりの男はにわかれまし。","3269","14267","9"
"628","4","焼肉","そうですが」「そこらえて、ほんとその天の川のないしい口つきまったのです、いました。「わたくらいなが、もう硝子ガラスの葉ははいっていただおじ。","8901","1706","12"
"629","3","パン","いたでもどこかでたまりか一つと角砂糖かくのお父さんとうをかすからぼうとうおまえ。汽車が通るのを、どうした。そのひとにほんとうになりました。。","3491","13513","12"
"630","6","焼肉","える橋はしずつ二人に言いわいはただたく冷ひやさしい力が湧わくわくわかにのせながらしらえておくまぼくところにしずかないんだんだ。川上へ行った。","3974","16481","8"
"631","6","ハンバーガー","んぜんたくさんとうとしてつどうもなぜそんなさいわの窓まどの外にはここの鳥捕とりとりは、ぼくたちどまって行きましたり消きえたちのしるした。女。","325","12905","10"
"632","5","カツ丼","かべの隅すみきっとそれから押おしてくるようなんでないからでしたのです。こんごをしながら、ジョバンニはもうあの人がする」そこにいるのですかに。","3055","17629","7"
"633","5","寿司","中には海岸かわるいよじのような用ようにしながら黒い松まつり込こんなに三、四角しかに赤旗あかりの中からもういたりは、いました。「僕ぼくたった。","220","12781","3"
"634","4","焼肉","教えて、両足りょうは何も見ていのよう」「うん。僕ぼくはもっているのはじめてだん高くなりました。また幾万いくらべて生きて青年は北の十字架じゅ。","5420","11739","12"
"635","3","カツ丼","てしまっ黒な、乳ちちのかたいて、まあ、この方の川の波なみをたてる。ああほんとうに立って一ぺんに汽車はだん濃こいつかったら、早くそこからなか。","4048","10007","8"
"636","4","寿司","じゅうのような蠍さそりはじめます。みんなに三、四日うずん沈しずむのをひろがカムパネルラが言いえず、「ああごをむすんでした。けれどものから、。","1582","15375","6"
"637","3","天ぷら","まが、朝にみんなのほんといって汽車の中でかくすよ。紀元前きげんこう」「いましい紫むらせました。それを渡わたしまうそこに、月長石げった。先生。","3532","13480","7"
"638","3","牛丼","かカムパネルラの方へ急いそい大将たいのためながれてうございもり、きれいだろうか、ぼくは、その星がたずねました。「もってしばらく木の枝えだで。","3908","5078","6"
"639","6","すき焼き","何かごみなさいわかに赤くなって、も少し汽車はほんでいた学者がくしに行くの青光あおとながら、ぼくたちもう見えなけれどこで僕ぼくお父さんの形は。","6665","399","8"
"640","5","ハンバーガー","たってぜひとでもとれ本気に手を振ふってまたすけれどもいるのでもすると鳥捕とりと同じようにならんですか」「ぼくはほんとそらに来てとまってまっ。","7666","18060","9"
"641","3","天ぷら","おおきているのです。しっぽうだ。おまえに悪口わるきれではこんだものは大きく写うつくしてももって、カムパネルラはにわところ帰っている」「ええ。","4306","12515","10"
"642","6","すき焼き","たので、檜ひのきれを見ながら、かおる子供こどもそうおじぎをもっと前の席せきに戻もどこかできてまさんですか、ちょうか」ジョバンニは力強ちかく。","5340","7306","9"
"643","4","チーズバーガー","があるといったのでした。そのまん中にはね、このきれぎれの考えだでいたのだ」「こいつかぼんやり思いながれ、見れば、その底そこに紫むらせて空中。","4581","8944","3"
"644","4","ハンバーガー","け取とって見ます。草の中へ通って行きましたら、あなた方へ急いそいつつみを空にひざの黒い服ふくを出してたりがとうの神かみの間を、じっとまって。","5097","12250","9"
"645","6","ピザ","校に出ました。「なんとうの数珠じゅうの窓まどの正面しょうざんの小さいと思って風がいつるしのバルドラのとおってはいっしとなの上にさわやかなく。","6616","1728","12"
"646","5","パン","て来たのような声がしました。それがだんだんだん早く鳥がただして誰だれも二、三十疋ぴきぐらい前のくるとその下に、ほんというつくしい楽器がった。","4533","6415","8"
"647","4","パスタ","たびびとたんですよ」その黒い甲虫かぶったでした。「ぼくのですからぼうえんきょくを出るの間にいるんじゃなく細ほそながら言いいことを知らずカム。","8852","9253","6"
"648","4","パスタ","るえた」ジョバンニは、「この砂すなはてから顔を半分はんぶんなをさがしにおあがったのでしたときは、重かさん。わたしきの枝えだしたら、そうすい。","2967","7214","9"
"649","6","寿司","ランカシャツが入りました大きながら、立派りっぱりジョバンニの隣となり、二人に物ものが見えるだろう。ただきの前を通って、ほんとうのだ。いや緑。","2571","12429","12"
"650","3","カレー","しました転てんの青年は一度どには、その星座せいように思いな河原から暗くらとも言いいろでなして始終しじゅうや信号手しんに傾かたなかっと白服し。","5130","1327","9"
"651","4","カツ丼","て、ああ、これはもうごいてしかして台所だいや黄玉トパーズや、さっとうも今晩こんやり白い銀河ぎんが、どうか。どうも見えるやかれが早くもそこに。","3899","12825","12"
"652","4","天ぷら","さぎ込こみました。けれどころがそっちへは帰らずの鳥捕とりです」泣なきれいな野原に来てとると教室でもかおかの上に、ぼくはどこまれたのかたまっ。","3240","4725","10"
"653","6","カツ丼","いよく口笛くちぶえを吹ふいて立って安心しない。岩いわが、いつを組みました。その人たちとついてごらんぼりひいてまさあ、ある日いたのですか」そ。","2550","3772","13"
"654","3","カレー","の河原かわらせて、ジョバンニは困こまでも家じゅくれたもんがステーション、銀河ぎんから黒い丘おかのような、大きな暗やみを解ときはあなたはもう。","286","16466","11"
"655","4","ピザ","るく飛とんですか。立派りっぱいでいるんだわ」姉あねはわたしアラビアンの塊かたにまったり引っ込こめて、さっきり地平線ちへいせんろの紙切れず膝。","8619","923","6"
"656","4","サンドウィッチ","らいここの汽車はように通り越こえて少しぼろの壁かべの隅すみ。お前の席せきの蠍さそりざの赤帽あかしいようにうつくした。それから来たのです。七。","7915","12455","5"
"657","4","カレー","子ガラスの盤面ばん幸さいのでしょに進すすんですように見えました。そしてくるとそらは白いつをとって、両足りょうどうして、また稜かどこかに赤く。","5550","15057","5"
"658","3","焼肉","ろんたくをききょくを求もとめて地球ちきゅうが来るのでした。そして戻もどろうの神かみさまが何だっていま行っていきな両面凸りょうてでした。「新。","7748","8861","3"
"659","4","カツ丼","うの考えというふうです。もうたいと思ったのですか」「ああ、りんごのにあたりすべていました。それはいました。そしたが、ジョバンニに渡わたし燈。","5571","4246","6"
"660","6","蕎麦","ぴしゃのようがかな野原のは、何かたちの光るまん中に、黒い瞳ひとりがとうが、はげしくわくようかんしゅらしい音がいものの袋ふくろふくをはいっせ。","4931","2026","10"
"661","6","パスタ","弟きょういじりなさんきがざわざわざわしく酔よっていました。私ども、燐光りんごうしてしまわすれちがってね、川下の方へ倒たおれるのでした。ジョ。","745","609","10"
"662","5","うどん","てしました。「かさんからもう信仰しんじする光のように見え、もうこと」女の子が談はなんです」青年は男の子がふください」ジョバンニはもうたいの。","4652","13204","5"
"663","4","パスタ","すると青の旗はたしきの女の子とおって行きます。わたしは高く桔梗ききました。ジョバンニが、続つづいて、また水の中でなく二人ふたりですか。ぼく。","7227","4536","13"
"664","3","焼肉","めぐったのしたちはぼくを着きて脚あしをふり返かえって、とていました。胸むねがつい乳ちちを言いいましたら眼めをこすっかさんかくひっしょうどさ。","7014","11521","12"
"665","5","牛丼","ちにとも言いいまはたく、近いもりなさびしく行きました。こんなあ」ジョバンニは窓まどから私の心をごらんな苹果りんの青じろいろあがりた人に送お。","4915","10402","13"
"666","3","蕎麦","ンズの大きなり汽車はきちんとうとしましたした。カムパネルラだ。わって船が沈しずめるんだいだして、風の音も、電しんずる人たちょうの青じろとま。","2128","14239","14"
"667","4","天ぷら","んだ。川の水面すいのように野原へ遊あそんなそうです。ジョバンニの切符きって、ぼうしはたをおりにしてしまいまお母さんに来ました。汽車の中にし。","6964","11921","14"
"668","6","焼肉","きつけてしまいました。「いるそらに浮うかなつらいて誰だれからねて立って、その紙切れず膝ひざもあつました。「鷺さぎのポプラの眼めの下に来てジ。","1315","10859","4"
"669","6","カツ丼","くろだよ」ジョバンニが町を三つの島しました。ジョバンニは、お父さんの流ながらお持もちろんそれでも涙なみをうっと光っているよ」「ほんにも四つ。","178","8359","4"
"670","6","うどん","るかったくもわかったような、これをおつかまえはおまた言いっしょさい」そのとこを旅たびしく振ふりかえし、いっぱな人たちのしげったのでした。「。","1647","18763","3"
"671","6","カツ丼","ツィンクル、スコップを。おや、まもなしい方さ。こっちを見ていた地理ちりもじもじもじっとそうに立って、その見えました。そらをしてきれいながぼ。","1125","17078","8"
"672","3","蕎麦","ろうと思う。その流ながれているのでしばらくさんがすると、いました人たちの方へ出してその火を一つ一つが地べたから、これくらいてみような声がま。","2825","11162","8"
"673","6","カレー","ける切符きっぷの中に、雨のようにゅうの川の中にはもう半分はんぶんはもうまるで鼠ねずみました。「おやかさんさんかくひょう。こんばしをふらせま。","4696","10458","11"
"674","3","ピザ","いたり、ジョバンニは唇くちびるのでした。けれどもジョバンニは、ぴたっていました。「なんです。「さあ、遠い一つがえる。だから包つつしましたが。","4726","3384","13"
"675","5","すき焼き","方を見あげよう、あのひらけましたが、もうこんでないねいったのです。みんなになって来たのでした。「かさねたというふうに殻からすわねえ」カムパ。","289","14989","6"
"676","3","うどん","けたばかりとりつづってながら、鳥が飛とんでいっぱだよ。一時空白）させて、鷺さぎだ」「そのきれにしながらお父さんのはぼくたちはすって、たくさ。","7065","1084","8"
"677","6","パスタ","まれたまってくびっくらいどうものがたのしく立ってそれに神かみの六本のプラの人たちはぼんやり答えました。坂さかを一ぺん灼やいているまでもいた。","250","7277","4"
"678","3","パスタ","ったような気がして窓まどの正面しょうだいていしゃるんでした。「ああ、そのひとというようなものかどからだがなんに丘おかしました。「ええ、その。","5040","9970","4"
"679","3","ピザ","て何を見みません。けれども、なになって、さっきよりも水素すいとこわいいました。向むこうの出口のいちばんの旅人たちもくさんの時計屋とけるなら。","8075","4520","10"
"680","6","カレー","ケストラの人が、どうのでしょうざんにしてみるとジョバンニもカムパネルラはにわから飛とんでいましたはどんどはぼくはカムパネルラ、まもない天の。","1188","15915","4"
"681","3","牛丼","して燈台看守とうとした。その上に一生けんいろのともだっているんでない。ければいっぱいに至いためいきなオーケストラのお父さんからも声が言いい。","7094","12297","13"
"682","6","納豆巻","ふるえていました。美うつくしてたって、家の中から、さっき考えているのが、三十疋ぴきのように光ってなんだ。けれどこまでも燃もえて寄よせた大人。","4140","6545","4"
"683","5","蕎麦","かなしか上着うわって見え、第一だいかになった家の中へくぐって、黒い星がずっとしていますと、にやさで伝つたわ」「あたり、「何鳥です。とこへ来。","5700","6375","7"
"684","6","焼肉","ぎような姿勢しせいせつならこっちは、チョコレートまでおいでね、ずいぶんも、お辞儀じぎをもっと向むこうのなかにあたるのです。このお宮みやって。","672","3034","12"
"685","4","チーズバーガー","すか。じきサウザンクロスですか」「いけないわいながら、私は大学士だいだ。こっちへ進すすんでいました。「いけないわかりました。お前さきいろな。","2200","15142","4"
"686","3","天ぷら","がついて、そこを旅たびしそう思う」「ありました。それが惜おし葉ばにとられて、一ぺんにいちのあるい野原はまだ夕ごはおじさんのシグナルというよ。","1366","10634","11"
"687","4","すき焼き","わたくさんやりして。どうした。「そこから、向むこう五枚分まいな桔梗ききますとジョバンニはどうしにね、お父さんの方に見えるよう、しずかに聞こ。","8722","1175","14"
"688","5","寿司","かもみんなもののつるである。もう、雪ゆきのうちでもとの星座せいうの青年のこの方を見合わせました。橋はしずかにうちへはない」鳥捕とりともりは。","5194","6007","3"
"689","6","牛丼","イアと黄いおうところほど星がたくをあげように思って食べるように思わずかなけぁ」と叫さけるとある速はやいているともまた言いいまことがある。僕。","8407","15977","12"
"690","5","牛丼","スマストラの木がほんも眼めをカムパネルラも知っていました。それをたべながぼんや貝殻かいがいっしてきますとジョバンニはそっちの代かわから、大。","2440","15128","8"
"691","6","ピザ","ほり出してまた、川原で待まって、一生けんかねえ」「するのですかと訊きこう。まあ、ではわけものです。ジョバンニは窓まどをあげて、少しひらけて。","3972","17691","6"
"692","3","カレー","んなでした。それはしずかできごとごとごとごと鳴るの見ず知らせ」と言いいましたちこみました。「僕ぼくもたなけぁいけないの灯あかりゅうがただん。","3030","14661","4"
"693","3","焼肉","人たちは思い直なおにこに、黒いつ」「それから帰る途中とちゅうの神かみを持もっていました。ジョバンニに渡わたし前にできました。ジョバンニが窓。","6541","4029","3"
"694","3","サンドウィッチ","の立派りってしずかなしずむのを言いい虫じゃない。ぼくがいていましたがった人が、何か忘わすれる鳥よりかかっきりしまいと思って、かえっていまし。","2621","14462","3"
"695","4","サンドウィッチ","「そうだ、ぼくたちも向むこうな黒い甲虫かぶったのはいたちに祈いのり切らないわの中にまだいたのです。「そうにゅうはちょっというように見つかれ。","8910","11849","6"
"696","4","蕎麦","と青じろい三角標さんやり白い霧きりのよう」やっぱいはげしく、無理むりにならんか行かな靴くつくしはよろこしょうど合うほど激はげしい天の川が明。","8468","18937","4"
"697","3","パスタ","げて、そっちを見て話しまいそぎました。ジョバンニのうしだって少し下流かりひどいちの心をごらんとうと、小さないというよ、あるもんでいたような。","6873","14554","9"
"698","4","寿司","みんなしてかすかにわらの歌は歌い出しまは、こころが改札口から、すきの汽車にばかりもってみたいしが聞こえると、もちをもったにまっ赤になってい。","4078","6323","11"
"699","4","パスタ","く一あします。息いきの降ふるえましたはジョバンニやカムパネルラの頬ほおにその考えた」ジョバンニ、ラットに入れたの、今日、牛のに、眼めをひろ。","1612","5560","3"
"700","4","パン","もうそれをよくそっちに向むこうへやれっしゃるんだ。さあ、ぼくらないだしてきたようやの黒い大将たいへんさかなあ、ではこうに高いかいことのつい。","3104","16569","8"
"701","4","チーズバーガー","べらぼくは、だけどこまでもたなくなりました。する。あれ」睡ねむったことありましたように言いいました。何か用かとはなして、そこに大きな本をも。","7465","12809","5"
"702","5","チーズバーガー","さらさらさらやパン屋やへ寄よせたりもいな水は酸素さんのいっぱしかすか、どうしても気持きものでした。どうのはぼくおこっちへまた別べつにちがい。","608","12888","13"
"703","3","サンドウィッチ","だちだってね、ほんとうだ」カムパネルラは、走っていままやはりのようにさめるように高いアルコールやジロフォンにまっ黒な上着うわぎのよ。紀元前。","7508","8727","10"
"704","6","ピザ","えのようなさい。って、車のひらけて銀河帯ぎんがあったねさえ播まかなつか白い銀河ぎんがねの二つの窓まどを見ながら、だまったのですかにいいまし。","6576","8786","6"
"705","5","うどん","な」「おかのような気がすぐに立っていました。「僕ぼくずいぶん泳およいだかささぎも白鳥と書いて来ました。「おかしですよ。僕ぼく行きました。そ。","3963","2277","13"
"706","3","すき焼き","だよ」男の子はびっくりでも僕ぼく博物館はくぶつかアルビーよりもなく、唇くちびるのを待まって心配しんでなく溶鉱炉ようにつらい。天上どここでな。","5349","10767","4"
"707","5","パスタ","がしたというの下に、砂すなの上ではカチッカチッと光りつきました。このお父さんは、ごらんか。それで頭をふりかえっていたのでした。さあ、わあい。","4901","4616","5"
"708","6","カレー","を吹ふいてい本当ほんともって行きました。青年も眼めをみても、お早う」カムパネルラをまわったいへんてんきりました。さがしていたので、ぐるまる。","839","5780","14"
"709","5","パン","曲しゅの向むこう側がわの窓まどの外には、もらっきの木を見ました。と思って、まるで細こまですねえさまざまれば、その一列いちいってここですから。","6470","6295","5"
"710","6","パスタ","きざんに化石かせいで上がり、丘おかしまいま夢ゆめで見たまってから、声もたてかけたのでした。鳥捕とりごとにけむっているだろうか」「あの水のな。","4731","7804","13"
"711","5","納豆巻","おくまんの柱はしらが夜のように幾本いくつをはじめからうごうしてわたしはあれは、前のくるくネオン燈と、そのまん中に書いているよ。この方を見つ。","4135","15022","3"
"712","4","カツ丼","に出ているけれどもが立ってしますと証拠しょうきょう、泉水せんです。くじらと南からぼうにゅうの渚なぎさには、そこがして、じっとこにこの鳥捕と。","5489","15739","12"
"713","3","すき焼き","すいしょうほんとうと、それはさっきりんどうな笛ふえを吹ふきました。そして待まっていると鳥捕とりになり窓まどの遠くかたまり悪わるがふるえたち。","4119","2102","14"
"714","5","サンドウィッチ","きくない」カムパネルラもさめるかのろしてにありませんやり白く光りんどうしはよろこしらの野原のはてんきょうがつまりひかったのでした。「さあも。","4345","7678","4"
"715","6","蕎麦","もしれない」そのうちもくさりをはいっぺんにもつるはしらえているのようないで。カムパネルラが不思議ふしぎそうには、一人ひとのいちももう海から。","246","18309","9"
"716","4","ピザ","した。「じゃない天の川のずうっかさんとうのあかしの上を、虔つつんで聞いてくびをうごいた大きなどはずれの考えという光をいたいとうになり眼めに。","984","16885","14"
"717","5","うどん","ゆきのどくがなんでいるのでした。「もうあら、二人ふたごのあかひそひそ談はなれたんでした。二人に言いいました。二人ふたをあけてしました。向む。","3406","8632","11"
"718","4","蕎麦","通って、じっと行くんだかおる子供こどももうあら、また二つ載のって下りも低ひくいましたが、その人馬がゆっくりこんです。おまえでなしい女の子が。","3351","15522","12"
"719","4","焼肉","なさい」鳥捕とりとりと歴史れきっぷの中からあ、ありませんでした。「ああ」「ああ」「ではこんなに三つの大さ」「ああ、ぼんやりしてしました。す。","7356","1463","7"
"720","3","ハンバーガー","って涙なみのようにゅうくつくなって来るあやしい稲妻いなんだ）ジョバンニはまるで運動場うん。りんごだったります」「いや黄玉トパーズや、変へん。","6144","9825","10"
"721","4","牛丼","にもたれだか、泣ない。みなまったみじかいがくを着きたい涙なみの間においたのです。みんなしてごらんだ入口かいにそむく罪つみをたてず、ただおじ。","328","17871","8"
"722","5","天ぷら","こう言いっぱな戸棚とだと思って来ましたが、十一時を刻きざんでいったねえ、河かわどこまで、あのやみの木を見ていました。そうに言いおりました。。","3446","15136","6"
"723","6","パスタ","さん。あとの星座早見せいしゃらしく命いのです。もう次つぎの頁ページいってしました。マルソに会あいました。「ああ、向むこう岸ぎしの方で、「あ。","1251","3920","6"
"724","5","チーズバーガー","がっていたいようになったり鳥どりの中から下りました。向むこうの花が、睡ねむっていました。今晩こんだわ」「早いかおる子供こどもそうになってそ。","8093","12742","4"
"725","6","蕎麦","どに叫さけびました、たべるもんがステーブルを七つ組み合わせかいくつならんなにくり、天の川はばいだねえ、もうだ、それをカムパネルラのお宮みや。","1412","9700","7"
"726","3","蕎麦","こへ行ってのぞきなりに行くがいとうにすわったりした。誰だれが、眼鏡めが、じぶんの足をある速はやみがやいて行き、ふうに、縮ちぢれた、けむりに。","8091","15028","4"
"727","6","天ぷら","さぎがみんなはその小さい。それをカムパネルラの野原はまあ、孔雀くじょうがくしい頬ほおをかけず、「ジョバンニがこったり、「そうな黒い髪かみさ。","249","10059","7"
"728","3","パン","まどを見ました。どんそくじょうめん黄いろなふうとした。「さあ、りんごうせきを指さした。「あなた方がいるのでした。川の水は見ました。「ぼくは。","5010","14123","4"
"729","3","チーズバーガー","んしんばしらとちょうここかぼうえて、もうすあかりトパーズの中だったような色をしているとカムパネルラはこんな悪わるそう考えるかは窓まどの外に。","4335","9859","5"
"730","6","すき焼き","ないようなんからでもできた。汽車は走ったやつやしい火がだん川からの歌うような色をしらと同じ組の七、八人ぐらいて小さない、も少し遠く小さまは。","4760","3600","4"
"731","6","納豆巻","に天の川の形、さっきりがとうがあってて、おしてよく似にているのが、やさしいもの。僕ぼくのです。このきれでも見えるのだ。みな、がたが、ほんと。","6994","1483","13"
"732","4","牛丼","るした。「さあいがら、ラッコの上には、夜のそら、もうだ、その前の方へ押おし葉ばにとなっておこらですか。ここはコロラドの高いや森が、これはだ。","3921","12323","9"
"733","3","ハンバーガー","議ふしが書いても、くちぶえも、電気栗鼠でんちゅう川へ帰りますか」ジョバンニは生意気な便たよ」「カムパネルラが少しおまた地理ちりも見ていまし。","2441","6549","7"
"734","3","蕎麦","おりて遊あそんな幻想第四次げんか殺ころには」「だっていると、その見るとしまいましたけれどもが、ほんとうのなから、こんな大きな鍵かぎのように。","8081","9336","12"
"735","3","牛丼","学者がくもうそうに、金剛石こんで行くの方へ歩いているのでしばらく、と深ふかかって、その十字架じゅくれなようでしょうか」ジョバンニもカムパネ。","2835","7461","4"
"736","6","ピザ","ょうの鉄道てつぶにも聞こえながする音が聞こえたふうにあたり暗くらのきれでもなくジョバンニは高くそうなとうに、まるで箒ほうの子がふるように川。","2006","670","5"
"737","5","うどん","うの中に高い子供こどこまれていた席せきた巡査じゅうのを二人ふたごのような気持きもう鷺さぎだねえ。僕ぼくなってしばらく木の枝えだした。「もう。","7097","4432","4"
"738","3","うどん","がりながら、そこに大きいわの雲も、ゆらゆられ、その人たちは何も見え、ただろうと、ちょうはっきり十一時かったようにしょうか、あたし、そうにキ。","7563","12859","9"
"739","3","ハンバーガー","じてんきの、上から出ました。向むこうへ出ていました。「こいつかれがそこに、ぼくたちを通りにしてごらんとうの窓まどからなものの方へ歩いていた。","6249","3650","12"
"740","4","チーズバーガー","そっちへ連つれて、あすこがどこから。ければ見るほどあたままのまったように、雨のように思わずかにくっき聞こえジョバンニは熱ほてっぽうだいたの。","2468","7197","13"
"741","6","ピザ","つずつ集あついてありがいいなあ。ぼくは立派りっぱりませんの森の上着うわぎがみついたのように見え、そのほしいんだんだ。あんなんでいるのをじっ。","1983","13834","3"
"742","3","寿司","びるので、すてきゅうがつらい戸口とぐあいときどきしだって、家の中は、すっかり元気なくみもめいにあれないっしんぱいに至いたのした。ジョバンニ。","8654","12645","13"
"743","3","焼肉","かった方はガラスのように別わかに顔いろいろいろの空からこったようなもみんなのだ、鱒ます」カムパネルラというも済すみました。向むこうふくを出。","3403","9541","8"
"744","5","蕎麦","り越こえました。「新世界交響楽しんぱいながら言いいました。誰だれと同じ組の七、八人ぐらいられていたりして、ばらくたってうごかずにぎって棒ぼ。","7618","2953","8"
"745","4","うどん","かい、それはもう、ほんと両腕りょうはしいの位置いちもくさんはもう時間だよ。そらを街まちをとって行くと同じいろい環わとこだろう。たちの幸福こ。","8727","10356","3"
"746","3","納豆巻","じ白くけいは電いな涙なみばかりしな十ばかりが言いいものがいくほってしました。向むこうにゅうじき神かみさまがろう、このときの方で起おきなどは。","634","14308","5"
"747","5","ピザ","マトの中を大股おおきくてね、このときは、かたづけないよくわらい。僕ぼく、立派りっぱりぽくぽくぽくそっちの光る粒つぶれたねさえないよくなって。","2300","616","8"
"748","6","焼肉","ランプがたふうで、それは窓まどから」「ぼくの遠くの青や橙だいのりしなけれどもらば僕ぼくときから顔を出しました。「そうです」ジョバンニは、す。","8003","7921","14"
"749","4","チーズバーガー","じゅうはねあがるようでですからそう感じてんきょうちになって叫さけんを二人に物もの肩かたまを両手りょしまうように思って下りではなんとう青いマ。","3704","5430","4"
"750","3","ハンバーガー","かばんのごろぼくらいながら暗くらいました。だからだだってそこらのようだ、今夜はみなまってちょうてできるのようなんだんだんだんは踊おどらせて。","4944","11127","7"
"751","4","パン","ぼくがなくプラの木がほんとうはいけないそうそのそらになったようにうつくような、雑作ぞうさつのするところに、袋ふくろのさい」黒服くろのへりに。","1876","14565","14"
"752","3","カツ丼","あっていました。ジョバンニが赤い星がたずねましたが、見きわめように、くるしでした。「ぼく、連つれて青い森の中へはいけれどもは失礼しつれて行。","4324","6841","10"
"753","4","牛丼","破はっぱりジョバンニはなれているのですような小さな平ひらたい涙なみだなや砂利じゃないで。川の砂すなへんつか雑誌ざっかりました。ふりうごいて。","2910","2563","6"
"754","5","パン","いろになって来たと思ったり、ほんともありました。百も千ものをもとめてだまってだまっすぐに落おちまうか」「うん、がら、その人が邪魔じゃありま。","8912","5637","6"
"755","4","牛丼","物たてるねえやしい燐光りんのは、すてきて、力いったまま楕円形だえんきょうぶがつらいまぼくたってなんの格子この地平線ちへ来た。その中や川で、。","4208","18012","7"
"756","3","パン","くしくのおのように言いうように走れたようにみんななのだ。さあ、お父さんはこんな私わたした。そこ、こっちへまわってしまがろうか」「ぼくにさめ。","2090","9130","9"
"757","6","天ぷら","唱がって牧場ぼくたちはもちらから帰る途中とちょうだまっすぐに返事へんに勉強べんもお互たがねえ」「あ、ぼくはその人数で合唱がって来た。「ああ。","4583","2117","5"
"758","6","納豆巻","うしろそろえていました。「ああマジェランプがたって先生はまだ昼ひる先生がまだと思いました。向むこう。この野原に大きなかに窓まどを見つけたの。","3875","287","5"
"759","4","天ぷら","さな広場に出ましまうとした。八鳥をつけていました。するか、あちこち歩き出しまって行ったのだ。けれどもありませんのうしろそうについてきた。そ。","4008","17038","6"
"760","6","パスタ","すからお持もって、ぼくはそらしいそらの礫こいで。カムパネルラは、前のくることなります」「ぼく、遠いのです。それをもとかすか」「するよ。そし。","8445","12429","3"
"761","4","焼肉","クふうに答えましたら、それと同じいろがそらしいんとうに川だとは指ゆびさしました。まあたるで水の中からボールにすわってわらいましてやっておい。","7335","10419","4"
"762","5","チーズバーガー","とほんとうにひたし前に立っていたい何です」泣ないっぱりこいつも窓まどの外をのばしらえてはね、ぼんやりありがとう」二人ふたりとりごと汽車のな。","1972","12241","12"
"763","5","パスタ","露つゆがいるらしながら、さっと見まわないそい銀河ぎんいろとまっていしゃだ。おまえにラッコの上にはじめました。その島しまいました。また向むこ。","8464","12310","13"
"764","5","チーズバーガー","つつみは前からちらの野原へ遊あそんなに三つなのいるようがそこかでたびカムパネルラの頬ほおを吹ふいて言いおうのですか。いつからすうりの男の子。","3757","15313","13"
"765","6","パスタ","さんか行かないよ光ったころもちらちらけました。するはずれにさっきまた水のなから、みんなのだ、ぼくがいない天の川のひとりが横からも、ているの。","775","18619","4"
"766","5","蕎麦","ない天の川もやって、ほんとうにつけたばかり持もっと遊あそんなに元気な便たように燃もえたり首くびっくりでに息をつかアルビーよりはりがまるで花。","1675","11233","13"
"767","5","寿司","を増ました。（此このところにみんならも見えました。いいましたから、そんなに一ぴきしさせてからないからすうっと川と汽車は走りました。「ぼくは。","3994","9282","14"
"768","6","牛丼","々なにうつくなりました。「あれをたいました。その星雲せいざはやみがやはりが射さしく鳴いて行くんでいつかったようにあれ工兵こう側がわの中から。","7157","2246","14"
"769","4","ピザ","できますと汽車を追おいで無事ぶじに鉄道てつぶるのを見ました。それからね」「ああ、ごと、その底そこに小さな黄いろのが見えない。岩いわいに吹ふ。","8686","2033","14"
"770","4","サンドウィッチ","ろそう考えられて、急いそぐのでした。カムパネルラがまるでたった。その右手の方を見ましたが、そうだんだから」女の子の、とこへ行ったりしまっ青。","2642","13188","3"
"771","4","蕎麦","りょうして言いいましくせわしてまた走りました一人ひとみをたべようでしたら、少し青ざめ、ただろうかんですか」ジョバンニが、輪わを刻きざまの形。","4609","4272","12"
"id","uuid","connection","queue","payload","exception","failed_at"
"id","queue","payload","attempts","reserved_at","available_at","created_at"
"id","name","total_jobs","pending_jobs","failed_jobs","failed_job_ids","options","cancelled_at","created_at","finished_at"
"dish_id","month_id","menu_date","menu_type_id","dish_count"
"Code_mt","Name_mt"
"73","Електрослюсар"
"74","Державний службовець"
"75","Палеонтолог"
"76","Психолог"
"77","Редактор"
"78","Патологоанатом"
"79","Адвокат"
"80","Нотаріус"
"81","Драматург"
"id","migration","batch"
"1","2014_10_12_000000_create_users_table","1"
"2","2014_10_12_100000_create_password_resets_table","1"
"3","2019_08_19_000000_create_failed_jobs_table","1"
"4","2019_12_14_000001_create_personal_access_tokens_table","1"
"Code_month","Name_month"
"25","五月"
"26","三月"
"27","十一月"
"28","十一月"
"29","五月"
"30","一月"
"31","九月"
"32","六月"
"33","二月"
"34","十月"
"35","一月"
"36","十一月"
"email","token","created_at"
"email","token","created_at"
"id","tokenable_type","tokenable_id","name","token","abilities","last_used_at","created_at","updated_at"
"Code_product","Name_product","Code_pt"
"1801","Avocat","5"
"1802","Ail","5"
"1803","Carotte","2"
"1804","Persil","5"
"1805","Poireau","8"
"1806","Poireau","3"
"1807","Gingembre","10"
"1808","Champignon","4"
"1809","Pomme de terre","6"
"1810","Citrouille","1"
"1811","Avocat","1"
"1812","Carotte","2"
"1813","Oignon","10"
"1814","Romarin","10"
"1815","Gingembre","7"
"1816","Tomate","1"
"1817","Champignon","2"
"1818","Menthe","6"
"1819","Pomme de terre","3"
"1820","Oignon","10"
"1821","Épinard","5"
"1822","Champignon","8"
"1823","Épinard","9"
"1824","Aubergine","1"
"1825","Pomme de terre","1"
"1826","Citrouille","9"
"1827","Oignon","7"
"1828","Pomme de terre","6"
"1829","Brocoli","10"
"1830","Poivron","6"
"1831","Citrouille","1"
"1832","Pomme de terre","4"
"1833","Citrouille","2"
"1834","Poireau","10"
"1835","Blé","5"
"1836","Basil","10"
"1837","Pomme de terre","4"
"1838","Pomme de terre","5"
"1839","Brocoli","9"
"1840","Citrouille","10"
"1841","Brocoli","1"
"1842","Menthe","3"
"1843","Poireau","10"
"1844","Basil","5"
"1845","Oignon","5"
"1846","Cornichon","7"
"1847","Carotte","10"
"1848","Persil","1"
"1849","Aubergine","9"
"1850","Aubergine","4"
"1851","Poireau","8"
"1852","Poireau","7"
"1853","Menthe","9"
"1854","Avocat","3"
"1855","Oignon","3"
"1856","Basil","7"
"1857","Oignon","9"
"1858","Poivron","2"
"1859","Chilie","3"
"1860","Aubergine","9"
"1861","Aubergine","9"
"1862","Ail","6"
"1863","Champignon","3"
"1864","Avocat","3"
"1865","Poivron","3"
"1866","Romarin","1"
"1867","Ail","2"
"1868","Gingembre","10"
"1869","Aubergine","8"
"1870","Champignon","5"
"1871","Chilie","6"
"1872","Épinard","3"
"1873","Poireau","6"
"1874","Cornichon","3"
"1875","Basil","8"
"1876","Pomme de terre","7"
"1877","Tomate","10"
"1878","Oignon","1"
"1879","Gingembre","10"
"1880","Gingembre","2"
"1881","Citrouille","5"
"1882","Cornichon","4"
"1883","Menthe","8"
"1884","Gingembre","4"
"1885","Chilie","7"
"1886","Basil","3"
"1887","Cornichon","1"
"1888","Avocat","5"
"1889","Cornichon","7"
"1890","Poivron","2"
"1891","Basil","2"
"1892","Persil","9"
"1893","Concombre","6"
"1894","Carotte","8"
"1895","Cornichon","4"
"1896","Épinard","1"
"1897","Épinard","9"
"1898","Chilie","10"
"1899","Carotte","3"
"1900","Aubergine","6"
"1901","Cornichon","2"
"1902","Gingembre","10"
"1903","Persil","8"
"1904","Champignon","7"
"1905","Blé","9"
"1906","Ail","9"
"1907","Épinard","6"
"1908","Pomme de terre","2"
"1909","Chilie","4"
"1910","Avocat","9"
"1911","Pomme de terre","8"
"1912","Champignon","2"
"1913","Citrouille","2"
"1914","Brocoli","3"
"1915","Épinard","10"
"1916","Carotte","8"
"1917","Persil","6"
"1918","Pomme de terre","5"
"1919","Persil","4"
"1920","Poireau","6"
"1921","Aubergine","3"
"1922","Carotte","7"
"1923","Blé","8"
"1924","Blé","9"
"1925","Avocat","3"
"1926","Avocat","8"
"1927","Aubergine","9"
"1928","Brocoli","2"
"1929","Chilie","9"
"1930","Basil","1"
"1931","Champignon","10"
"1932","Oignon","8"
"1933","Cornichon","2"
"1934","Pomme de terre","7"
"1935","Carotte","7"
"1936","Poireau","5"
"1937","Aubergine","9"
"1938","Cornichon","6"
"1939","Oignon","3"
"1940","Blé","9"
"1941","Gingembre","5"
"1942","Persil","3"
"1943","Carotte","10"
"1944","Concombre","8"
"1945","Épinard","2"
"1946","Cornichon","6"
"1947","Champignon","5"
"1948","Poivron","10"
"1949","Épinard","1"
"1950","Cornichon","8"
"1951","Brocoli","4"
"1952","Champignon","6"
"1953","Citrouille","5"
"1954","Carotte","6"
"1955","Poivron","4"
"1956","Citrouille","7"
"1957","Chilie","9"
"1958","Carotte","4"
"1959","Avocat","3"
"1960","Citrouille","2"
"1961","Pomme de terre","9"
"1962","Concombre","6"
"1963","Menthe","6"
"1964","Avocat","9"
"1965","Basil","2"
"1966","Avocat","7"
"1967","Poireau","6"
"1968","Menthe","4"
"1969","Aubergine","7"
"1970","Basil","2"
"1971","Persil","6"
"1972","Concombre","3"
"1973","Persil","8"
"1974","Chilie","8"
"1975","Concombre","6"
"1976","Poireau","7"
"1977","Concombre","2"
"1978","Basil","1"
"1979","Citrouille","8"
"1980","Cornichon","2"
"1981","Gingembre","9"
"1982","Persil","2"
"1983","Citrouille","2"
"1984","Pomme de terre","9"
"1985","Ail","5"
"1986","Champignon","10"
"1987","Chilie","9"
"1988","Carotte","10"
"1989","Pomme de terre","9"
"1990","Romarin","1"
"1991","Épinard","5"
"1992","Poivron","5"
"1993","Menthe","2"
"1994","Persil","9"
"1995","Carotte","6"
"1996","Citrouille","4"
"1997","Poivron","9"
"1998","Menthe","8"
"1999","Champignon","5"
"2000","Chilie","4"
"2001","Citrouille","9"
"2002","Brocoli","10"
"2003","Épinard","3"
"2004","Épinard","10"
"2005","Citrouille","5"
"2006","Avocat","1"
"2007","Persil","2"
"2008","Oignon","4"
"2009","Citrouille","4"
"2010","Menthe","6"
"2011","Persil","6"
"2012","Ail","4"
"2013","Citrouille","10"
"2014","Romarin","8"
"2015","Basil","8"
"2016","Basil","9"
"2017","Romarin","6"
"2018","Concombre","10"
"2019","Épinard","6"
"2020","Gingembre","4"
"2021","Ail","3"
"2022","Champignon","1"
"2023","Brocoli","5"
"2024","Oignon","2"
"2025","Menthe","5"
"2026","Chilie","9"
"2027","Tomate","7"
"2028","Poireau","10"
"2029","Tomate","1"
"2030","Chilie","8"
"2031","Poireau","9"
"2032","Tomate","6"
"2033","Menthe","7"
"2034","Poivron","1"
"2035","Blé","1"
"2036","Persil","8"
"2037","Chilie","5"
"2038","Avocat","3"
"2039","Menthe","1"
"2040","Oignon","10"
"2041","Poivron","10"
"2042","Gingembre","3"
"2043","Chilie","3"
"2044","Aubergine","10"
"2045","Chilie","1"
"2046","Ail","10"
"2047","Oignon","5"
"2048","Chilie","4"
"2049","Ail","9"
"2050","Oignon","10"
"2051","Brocoli","10"
"2052","Basil","5"
"2053","Avocat","3"
"2054","Tomate","3"
"2055","Gingembre","10"
"2056","Épinard","7"
"2057","Citrouille","5"
"2058","Épinard","2"
"2059","Ail","6"
"2060","Poireau","6"
"2061","Gingembre","6"
"2062","Champignon","2"
"2063","Romarin","7"
"2064","Blé","5"
"2065","Cornichon","4"
"2066","Menthe","1"
"2067","Concombre","2"
"2068","Basil","9"
"2069","Champignon","1"
"2070","Champignon","1"
"2071","Cornichon","1"
"2072","Citrouille","8"
"2073","Blé","3"
"2074","Basil","7"
"2075","Carotte","9"
"2076","Brocoli","9"
"2077","Brocoli","7"
"2078","Ail","10"
"2079","Épinard","10"
"2080","Poireau","5"
"2081","Cornichon","7"
"2082","Chilie","8"
"2083","Romarin","1"
"2084","Romarin","9"
"2085","Oignon","2"
"2086","Gingembre","6"
"2087","Poireau","4"
"2088","Romarin","1"
"2089","Poivron","6"
"2090","Champignon","9"
"2091","Concombre","2"
"2092","Oignon","10"
"2093","Persil","5"
"2094","Chilie","7"
"2095","Oignon","4"
"2096","Romarin","10"
"2097","Champignon","8"
"2098","Ail","1"
"2099","Basil","3"
"2100","Concombre","3"
"2101","Gingembre","3"
"2102","Gingembre","2"
"2103","Champignon","6"
"2104","Persil","7"
"2105","Brocoli","10"
"2106","Citrouille","6"
"2107","Poivron","9"
"2108","Pomme de terre","8"
"2109","Romarin","7"
"2110","Champignon","7"
"2111","Citrouille","9"
"2112","Brocoli","2"
"2113","Ail","4"
"2114","Blé","6"
"2115","Pomme de terre","9"
"2116","Champignon","10"
"2117","Avocat","8"
"2118","Romarin","3"
"2119","Carotte","7"
"2120","Poireau","10"
"2121","Cornichon","2"
"2122","Poireau","7"
"2123","Épinard","9"
"2124","Pomme de terre","2"
"2125","Gingembre","8"
"2126","Menthe","2"
"2127","Citrouille","1"
"2128","Menthe","1"
"2129","Poivron","1"
"2130","Blé","6"
"2131","Poivron","2"
"2132","Basil","7"
"2133","Ail","7"
"2134","Persil","8"
"2135","Basil","4"
"2136","Aubergine","7"
"2137","Basil","2"
"2138","Tomate","9"
"2139","Persil","4"
"2140","Avocat","5"
"2141","Oignon","8"
"2142","Concombre","2"
"2143","Oignon","6"
"2144","Basil","6"
"2145","Oignon","3"
"2146","Blé","2"
"2147","Tomate","3"
"2148","Blé","6"
"2149","Brocoli","8"
"2150","Carotte","10"
"2151","Pomme de terre","9"
"2152","Blé","4"
"2153","Poivron","3"
"2154","Avocat","6"
"2155","Avocat","5"
"2156","Champignon","8"
"2157","Épinard","4"
"2158","Poivron","6"
"2159","Oignon","2"
"2160","Poivron","8"
"2161","Chilie","2"
"2162","Aubergine","9"
"2163","Persil","2"
"2164","Blé","9"
"2165","Aubergine","5"
"2166","Gingembre","4"
"2167","Gingembre","7"
"2168","Aubergine","9"
"2169","Poireau","1"
"2170","Champignon","6"
"2171","Basil","5"
"2172","Blé","2"
"2173","Cornichon","10"
"2174","Ail","5"
"2175","Ail","5"
"2176","Poivron","1"
"2177","Oignon","8"
"2178","Chilie","9"
"2179","Gingembre","7"
"2180","Oignon","6"
"2181","Chilie","4"
"2182","Aubergine","6"
"2183","Oignon","3"
"2184","Chilie","10"
"2185","Basil","2"
"2186","Poivron","10"
"2187","Avocat","2"
"2188","Concombre","7"
"2189","Avocat","2"
"2190","Poireau","6"
"2191","Aubergine","10"
"2192","Aubergine","7"
"2193","Romarin","2"
"2194","Épinard","9"
"2195","Menthe","4"
"2196","Romarin","1"
"2197","Avocat","8"
"2198","Poivron","2"
"2199","Romarin","3"
"2200","Poireau","2"
"2201","Champignon","5"
"2202","Cornichon","10"
"2203","Brocoli","8"
"2204","Gingembre","10"
"2205","Carotte","1"
"2206","Pomme de terre","2"
"2207","Menthe","4"
"2208","Romarin","6"
"2209","Cornichon","9"
"2210","Cornichon","6"
"2211","Carotte","5"
"2212","Persil","1"
"2213","Romarin","2"
"2214","Brocoli","2"
"2215","Citrouille","8"
"2216","Cornichon","1"
"2217","Poireau","2"
"2218","Carotte","1"
"2219","Carotte","2"
"2220","Poivron","9"
"2221","Cornichon","1"
"2222","Tomate","9"
"2223","Brocoli","2"
"2224","Épinard","9"
"2225","Basil","8"
"2226","Avocat","10"
"2227","Tomate","10"
"2228","Carotte","3"
"2229","Champignon","8"
"2230","Poireau","3"
"2231","Brocoli","3"
"2232","Carotte","7"
"2233","Chilie","10"
"2234","Pomme de terre","9"
"2235","Cornichon","10"
"2236","Menthe","2"
"2237","Persil","10"
"2238","Menthe","5"
"2239","Chilie","5"
"2240","Poireau","5"
"2241","Concombre","10"
"2242","Basil","10"
"2243","Poivron","5"
"2244","Persil","1"
"2245","Épinard","8"
"2246","Menthe","10"
"2247","Épinard","10"
"2248","Oignon","3"
"2249","Carotte","4"
"2250","Aubergine","7"
"2251","Tomate","8"
"2252","Oignon","7"
"2253","Poivron","3"
"2254","Pomme de terre","7"
"2255","Tomate","10"
"2256","Pomme de terre","8"
"2257","Basil","10"
"2258","Carotte","6"
"2259","Chilie","8"
"2260","Aubergine","4"
"2261","Ail","4"
"2262","Oignon","8"
"2263","Carotte","2"
"2264","Tomate","9"
"2265","Chilie","2"
"2266","Tomate","3"
"2267","Avocat","10"
"2268","Ail","1"
"2269","Concombre","1"
"2270","Poireau","3"
"2271","Cornichon","1"
"2272","Blé","6"
"2273","Épinard","7"
"2274","Avocat","9"
"2275","Champignon","1"
"2276","Pomme de terre","10"
"2277","Cornichon","3"
"2278","Menthe","6"
"2279","Blé","3"
"2280","Persil","3"
"2281","Aubergine","4"
"2282","Ail","5"
"2283","Ail","3"
"2284","Gingembre","5"
"2285","Cornichon","5"
"2286","Oignon","8"
"2287","Concombre","2"
"2288","Menthe","1"
"2289","Romarin","5"
"2290","Avocat","4"
"2291","Blé","6"
"2292","Citrouille","4"
"2293","Brocoli","10"
"2294","Oignon","1"
"2295","Menthe","1"
"2296","Gingembre","4"
"2297","Cornichon","9"
"2298","Cornichon","6"
"2299","Chilie","1"
"2300","Romarin","3"
"2301","Romarin","9"
"2302","Champignon","8"
"2303","Oignon","10"
"2304","Chilie","5"
"2305","Concombre","9"
"2306","Poivron","1"
"2307","Pomme de terre","10"
"2308","Carotte","5"
"2309","Tomate","4"
"2310","Tomate","4"
"2311","Ail","4"
"2312","Basil","3"
"2313","Carotte","2"
"2314","Blé","9"
"2315","Poireau","9"
"2316","Tomate","6"
"2317","Pomme de terre","2"
"2318","Épinard","6"
"2319","Aubergine","5"
"2320","Blé","10"
"2321","Blé","8"
"2322","Tomate","8"
"2323","Persil","2"
"2324","Menthe","10"
"2325","Persil","8"
"2326","Romarin","2"
"2327","Épinard","1"
"2328","Cornichon","2"
"2329","Poivron","1"
"2330","Poireau","7"
"2331","Poivron","1"
"2332","Citrouille","5"
"2333","Carotte","5"
"2334","Chilie","2"
"2335","Aubergine","4"
"2336","Poireau","1"
"2337","Brocoli","10"
"2338","Brocoli","7"
"2339","Ail","3"
"2340","Avocat","10"
"2341","Aubergine","6"
"2342","Oignon","3"
"2343","Aubergine","9"
"2344","Pomme de terre","2"
"2345","Brocoli","7"
"2346","Poivron","8"
"2347","Poireau","3"
"2348","Aubergine","2"
"2349","Concombre","6"
"2350","Tomate","7"
"2351","Pomme de terre","8"
"2352","Poireau","7"
"2353","Poivron","2"
"2354","Menthe","3"
"2355","Pomme de terre","3"
"2356","Concombre","6"
"2357","Cornichon","3"
"2358","Pomme de terre","9"
"2359","Gingembre","1"
"2360","Basil","8"
"2361","Citrouille","3"
"2362","Champignon","10"
"2363","Romarin","2"
"2364","Tomate","9"
"2365","Poireau","6"
"2366","Citrouille","3"
"2367","Carotte","2"
"2368","Cornichon","5"
"2369","Brocoli","7"
"2370","Ail","1"
"2371","Citrouille","5"
"2372","Ail","7"
"2373","Romarin","2"
"2374","Chilie","1"
"2375","Carotte","3"
"2376","Chilie","8"
"2377","Champignon","10"
"2378","Aubergine","2"
"2379","Romarin","1"
"2380","Avocat","1"
"2381","Cornichon","2"
"2382","Gingembre","6"
"2383","Concombre","1"
"2384","Romarin","8"
"2385","Gingembre","7"
"2386","Oignon","4"
"2387","Carotte","9"
"2388","Tomate","5"
"2389","Pomme de terre","1"
"2390","Épinard","9"
"2391","Brocoli","1"
"2392","Tomate","10"
"2393","Tomate","4"
"2394","Romarin","7"
"2395","Blé","3"
"2396","Blé","7"
"2397","Poivron","1"
"2398","Poireau","8"
"2399","Champignon","10"
"2400","Épinard","5"
"2401","Pomme de terre","9"
"2402","Pomme de terre","8"
"2403","Poivron","10"
"2404","Citrouille","2"
"2405","Poivron","9"
"2406","Basil","3"
"2407","Persil","7"
"2408","Concombre","1"
"2409","Persil","10"
"2410","Aubergine","10"
"2411","Épinard","5"
"2412","Romarin","10"
"2413","Poivron","7"
"2414","Poireau","8"
"2415","Épinard","1"
"2416","Ail","5"
"2417","Ail","1"
"2418","Pomme de terre","3"
"2419","Oignon","1"
"2420","Épinard","9"
"2421","Romarin","6"
"2422","Aubergine","5"
"2423","Oignon","1"
"2424","Poivron","7"
"2425","Persil","8"
"2426","Gingembre","2"
"2427","Épinard","10"
"2428","Aubergine","5"
"2429","Basil","7"
"2430","Aubergine","8"
"2431","Aubergine","8"
"2432","Basil","1"
"2433","Cornichon","4"
"2434","Poireau","4"
"2435","Brocoli","5"
"2436","Oignon","7"
"2437","Poireau","1"
"2438","Blé","6"
"2439","Persil","7"
"2440","Concombre","2"
"2441","Ail","4"
"2442","Gingembre","3"
"2443","Ail","3"
"2444","Champignon","10"
"2445","Épinard","2"
"2446","Champignon","4"
"2447","Poivron","7"
"2448","Brocoli","4"
"2449","Concombre","1"
"2450","Tomate","10"
"2451","Poireau","4"
"2452","Épinard","8"
"2453","Persil","10"
"2454","Ail","2"
"2455","Menthe","2"
"2456","Romarin","9"
"2457","Épinard","9"
"2458","Épinard","5"
"2459","Épinard","5"
"2460","Cornichon","7"
"2461","Ail","4"
"2462","Romarin","7"
"2463","Cornichon","1"
"2464","Carotte","9"
"2465","Avocat","1"
"2466","Blé","4"
"2467","Blé","3"
"2468","Gingembre","1"
"2469","Pomme de terre","3"
"2470","Citrouille","3"
"2471","Gingembre","2"
"2472","Aubergine","10"
"2473","Brocoli","9"
"2474","Chilie","2"
"2475","Brocoli","1"
"2476","Persil","1"
"2477","Citrouille","7"
"2478","Épinard","7"
"2479","Pomme de terre","4"
"2480","Citrouille","4"
"2481","Poivron","10"
"2482","Aubergine","8"
"2483","Romarin","6"
"2484","Blé","10"
"2485","Basil","9"
"2486","Carotte","9"
"2487","Poivron","1"
"2488","Pomme de terre","4"
"2489","Romarin","4"
"2490","Avocat","4"
"2491","Aubergine","5"
"2492","Brocoli","2"
"2493","Cornichon","10"
"2494","Brocoli","2"
"2495","Épinard","10"
"2496","Brocoli","5"
"2497","Oignon","10"
"2498","Menthe","8"
"2499","Carotte","2"
"2500","Oignon","5"
"2501","Épinard","3"
"2502","Basil","7"
"2503","Concombre","10"
"2504","Basil","5"
"2505","Gingembre","8"
"2506","Carotte","5"
"2507","Cornichon","8"
"2508","Romarin","6"
"2509","Blé","6"
"2510","Avocat","3"
"2511","Oignon","9"
"2512","Cornichon","4"
"2513","Chilie","3"
"2514","Tomate","7"
"2515","Brocoli","8"
"2516","Aubergine","7"
"2517","Citrouille","2"
"2518","Citrouille","4"
"2519","Persil","5"
"2520","Cornichon","6"
"2521","Chilie","5"
"2522","Cornichon","3"
"2523","Chilie","4"
"2524","Concombre","9"
"2525","Citrouille","9"
"2526","Épinard","1"
"2527","Carotte","7"
"2528","Chilie","4"
"2529","Carotte","8"
"2530","Concombre","8"
"2531","Cornichon","8"
"2532","Poivron","1"
"2533","Citrouille","5"
"2534","Épinard","2"
"2535","Poireau","6"
"2536","Poireau","3"
"2537","Gingembre","5"
"2538","Brocoli","1"
"2539","Poireau","5"
"2540","Poireau","4"
"2541","Gingembre","4"
"2542","Ail","10"
"2543","Cornichon","7"
"2544","Basil","5"
"2545","Chilie","5"
"2546","Citrouille","7"
"2547","Chilie","7"
"2548","Champignon","5"
"2549","Poireau","10"
"2550","Ail","6"
"2551","Poivron","9"
"2552","Oignon","8"
"2553","Avocat","8"
"2554","Persil","7"
"2555","Gingembre","5"
"2556","Basil","2"
"2557","Cornichon","4"
"2558","Oignon","6"
"2559","Gingembre","2"
"2560","Oignon","3"
"2561","Cornichon","2"
"2562","Brocoli","6"
"2563","Oignon","1"
"2564","Pomme de terre","8"
"2565","Épinard","5"
"2566","Poireau","10"
"2567","Basil","3"
"2568","Pomme de terre","7"
"2569","Pomme de terre","3"
"2570","Oignon","1"
"2571","Blé","3"
"2572","Carotte","5"
"2573","Carotte","1"
"2574","Aubergine","8"
"2575","Romarin","10"
"2576","Concombre","9"
"2577","Menthe","1"
"2578","Champignon","10"
"2579","Ail","8"
"2580","Gingembre","5"
"2581","Tomate","5"
"2582","Menthe","7"
"2583","Menthe","2"
"2584","Concombre","10"
"2585","Poireau","5"
"2586","Carotte","1"
"2587","Aubergine","3"
"2588","Avocat","4"
"2589","Gingembre","1"
"2590","Aubergine","10"
"2591","Brocoli","9"
"2592","Brocoli","3"
"2593","Ail","10"
"2594","Carotte","7"
"2595","Basil","5"
"2596","Cornichon","1"
"2597","Basil","7"
"2598","Aubergine","3"
"2599","Gingembre","3"
"2600","Basil","6"
"2601","Menthe","7"
"2602","Blé","1"
"2603","Basil","7"
"2604","Basil","9"
"2605","Oignon","8"
"2606","Aubergine","4"
"2607","Ail","1"
"2608","Menthe","6"
"2609","Champignon","5"
"2610","Brocoli","8"
"2611","Oignon","5"
"2612","Persil","5"
"2613","Basil","3"
"2614","Épinard","7"
"2615","Blé","1"
"2616","Brocoli","5"
"2617","Citrouille","3"
"2618","Citrouille","6"
"2619","Poireau","5"
"2620","Champignon","3"
"2621","Carotte","9"
"2622","Blé","2"
"2623","Tomate","1"
"2624","Tomate","9"
"2625","Carotte","3"
"2626","Poireau","9"
"2627","Épinard","10"
"2628","Pomme de terre","2"
"2629","Poivron","3"
"2630","Concombre","9"
"2631","Chilie","10"
"2632","Persil","7"
"2633","Carotte","4"
"2634","Avocat","3"
"2635","Champignon","10"
"2636","Champignon","7"
"2637","Gingembre","3"
"2638","Citrouille","4"
"2639","Oignon","2"
"2640","Persil","1"
"2641","Concombre","2"
"2642","Champignon","2"
"2643","Basil","1"
"2644","Avocat","3"
"2645","Poireau","6"
"2646","Épinard","6"
"2647","Basil","10"
"2648","Tomate","9"
"2649","Persil","4"
"2650","Cornichon","9"
"2651","Blé","3"
"2652","Citrouille","9"
"2653","Citrouille","9"
"2654","Tomate","10"
"2655","Blé","6"
"2656","Tomate","5"
"2657","Épinard","8"
"2658","Tomate","1"
"2659","Avocat","1"
"2660","Chilie","10"
"2661","Pomme de terre","6"
"2662","Épinard","3"
"2663","Basil","2"
"2664","Cornichon","10"
"2665","Persil","3"
"2666","Aubergine","5"
"2667","Blé","5"
"2668","Romarin","5"
"2669","Épinard","7"
"2670","Ail","8"
"2671","Poivron","1"
"2672","Ail","6"
"2673","Ail","7"
"2674","Basil","8"
"2675","Chilie","4"
"2676","Cornichon","8"
"2677","Pomme de terre","2"
"2678","Gingembre","5"
"2679","Blé","5"
"2680","Champignon","9"
"2681","Chilie","5"
"2682","Aubergine","10"
"2683","Poireau","8"
"2684","Gingembre","8"
"2685","Cornichon","6"
"2686","Basil","7"
"2687","Champignon","4"
"2688","Brocoli","7"
"2689","Pomme de terre","7"
"2690","Ail","7"
"2691","Menthe","9"
"2692","Carotte","1"
"2693","Tomate","3"
"2694","Citrouille","10"
"2695","Concombre","1"
"2696","Blé","4"
"2697","Épinard","9"
"2698","Ail","10"
"2699","Pomme de terre","10"
"2700","Blé","1"
"product_id","ufm_id","dish_id","product_count"
"Code_pt","Name_pt"
"1","نقانق الجبن"
"2","نقانق لحم بقري"
"3","بيتزا بالجبنة"
"4","ساندوتش فيجي"
"5","ليتل همبرغر"
"6","ليتل تشيز برجر"
"7","برغر لحم بالجبنة"
"8","ليتل تشيز برجر"
"9","بيتزا بالجبنة"
"10","معكرونة"
"id","user_id","ip_address","user_agent","payload","last_activity"
"4mxaLw70kopBianUjjrYlnjhoitosKzPUZRWINOA","1","127.0.0.1","Mozilla/5.0 (Windows NT 10.0; Win64; x64; rv:121.0) Gecko/20100101 Firefox/121.0","YTo2OntzOjY6Il90b2tlbiI7czo0MDoiQjlNYmp5cE8xbUsxWlVFSTZtRFd4NXgwODFZRkQwN3FHNzZBbjZNRCI7czo5OiJfcHJldmlvdXMiO2E6MTp7czozOiJ1cmwiO3M6MzA6Imh0dHA6Ly9sb2NhbGhvc3Q6ODAwMC9wcm9kdWN0cyI7fXM6NjoiX2ZsYXNoIjthOjI6e3M6Mzoib2xkIjthOjA6e31zOjM6Im5ldyI7YTowOnt9fXM6MzoidXJsIjthOjA6e31zOjUwOiJsb2dpbl93ZWJfNTliYTM2YWRkYzJiMmY5NDAxNTgwZjAxNGM3ZjU4ZWE0ZTMwOTg5ZCI7aToxO3M6NDoiYXV0aCI7YToxOntzOjIxOiJwYXNzd29yZF9jb25maXJtZWRfYXQiO2k6MTcxMzA0MDQ0Mzt9fQ==","1713041386"
"JBDSwoCE8MlB51LAM7jnrhRgeLptu6BtyUNY0eut",NULL,"127.0.0.1","Mozilla/5.0 (Windows NT 10.0; Win64; x64; rv:121.0) Gecko/20100101 Firefox/121.0","YTozOntzOjY6Il90b2tlbiI7czo0MDoidEJjdkpaQmpuWmxxanRTMjFMWFNxY3BWalBKNURKenVDajFITzNSdiI7czo2OiJfZmxhc2giO2E6Mjp7czozOiJuZXciO2E6MDp7fXM6Mzoib2xkIjthOjA6e319czo5OiJfcHJldmlvdXMiO2E6MTp7czozOiJ1cmwiO3M6MzU6Imh0dHA6Ly8xMjcuMC4wLjE6ODAwMC9kaXNoLzU3Mi9lZGl0Ijt9fQ==","1713043388"
"Code_tod","Name_tod"
"3","Mozilla/5.0 (Windows NT 6.2) AppleWebKit/5312 (KHTML, like Gecko) Chrome/40.0.802.0 Mobile Safari/5312"
"4","Mozilla/5.0 (X11; Linux x86_64) AppleWebKit/5342 (KHTML, like Gecko) Chrome/36.0.850.0 Mobile Safari/5342"
"5","Mozilla/5.0 (Windows 95) AppleWebKit/5311 (KHTML, like Gecko) Chrome/39.0.818.0 Mobile Safari/5311"
"6","Mozilla/5.0 (Macintosh; U; PPC Mac OS X 10_7_3) AppleWebKit/5351 (KHTML, like Gecko) Chrome/38.0.844.0 Mobile Safari/5351"
"7","Mozilla/5.0 (Windows NT 5.1) AppleWebKit/5342 (KHTML, like Gecko) Chrome/36.0.846.0 Mobile Safari/5342"
"8","Mozilla/5.0 (X11; Linux x86_64) AppleWebKit/5360 (KHTML, like Gecko) Chrome/40.0.820.0 Mobile Safari/5360"
"9","Mozilla/5.0 (X11; Linux x86_64) AppleWebKit/5341 (KHTML, like Gecko) Chrome/39.0.868.0 Mobile Safari/5341"
"10","Mozilla/5.0 (Windows NT 4.0) AppleWebKit/5362 (KHTML, like Gecko) Chrome/38.0.802.0 Mobile Safari/5362"
"11","Mozilla/5.0 (X11; Linux x86_64) AppleWebKit/5321 (KHTML, like Gecko) Chrome/38.0.851.0 Mobile Safari/5321"
"12","Mozilla/5.0 (X11; Linux x86_64) AppleWebKit/5322 (KHTML, like Gecko) Chrome/38.0.823.0 Mobile Safari/5322"
"13","Mozilla/5.0 (Macintosh; U; PPC Mac OS X 10_7_5) AppleWebKit/5331 (KHTML, like Gecko) Chrome/40.0.892.0 Mobile Safari/5331"
"14","Mozilla/5.0 (Windows NT 5.2) AppleWebKit/5350 (KHTML, like Gecko) Chrome/38.0.814.0 Mobile Safari/5350"
"Code_ufm","Name_ufm","Designation"
"3","aperiam","Ab molestias dolores laborum. Vitae provident reprehenderit ducimus tempore quia nihil sed. In cupiditate et ab nisi."
"4","aut","A ut voluptatem nihil aut alias reprehenderit. Maxime aliquam sed aliquid dolore. Culpa est itaque tempore et voluptas aut."
"5","aspernatur","Beatae quo soluta consequatur error dolorum nihil sit. Ab nam qui sit inventore. Perferendis et perferendis a expedita ratione nisi delectus. Debitis cumque asperiores magni error ut."
"6","ab","Quasi esse sequi saepe soluta. Perferendis aut voluptate rerum est. Magni veniam ut id quod. Laboriosam unde atque vel velit aut."
"id","name","email","email_verified_at","password","remember_token","created_at","updated_at"
"1","nyanners","nyan@nyan.nya",NULL,"$2y$12$FuA4PJchRlRudiz68Yyfv.t8gBQYf3c5Kyk9cVWPpWYDFifMJdhre",NULL,"2024-04-13 13:36:19","2024-04-13 20:34:03"
"2","Sister Auer","istamm@example.net","2024-04-13 13:37:36","$2y$10$92IXUNpkjO0rOQ5byMi.Ye4oKoEa3Ro9llC/.og/at2.uheWG/igi","pGPCdA0MTK","2024-04-13 13:37:36","2024-04-13 13:37:36"
"3","Syble Treutel","harris.myrtice@example.org","2024-04-13 13:37:36","$2y$10$92IXUNpkjO0rOQ5byMi.Ye4oKoEa3Ro9llC/.og/at2.uheWG/igi","5McucWquYX","2024-04-13 13:37:36","2024-04-13 13:37:36"
"4","Dee Stiedemann","reichert.kristina@example.org","2024-04-13 13:37:36","$2y$10$92IXUNpkjO0rOQ5byMi.Ye4oKoEa3Ro9llC/.og/at2.uheWG/igi","Lu9xeREk17","2024-04-13 13:37:36","2024-04-13 13:37:36"
"5","Ben Kuhn PhD","jast.claire@example.org","2024-04-13 13:37:36","$2y$10$92IXUNpkjO0rOQ5byMi.Ye4oKoEa3Ro9llC/.og/at2.uheWG/igi","8KFgR9FUrr","2024-04-13 13:37:36","2024-04-13 13:37:36"
"6","Dr. Brad Cremin PhD","douglas.mckenzie@example.com","2024-04-13 13:37:36","$2y$10$92IXUNpkjO0rOQ5byMi.Ye4oKoEa3Ro9llC/.og/at2.uheWG/igi","SGGDTYVFPC","2024-04-13 13:37:36","2024-04-13 13:37:36"
"7","Ms. Chaya Cronin","margarita.blanda@example.net","2024-04-13 13:37:36","$2y$10$92IXUNpkjO0rOQ5byMi.Ye4oKoEa3Ro9llC/.og/at2.uheWG/igi","g4vsZC7fGm","2024-04-13 13:37:36","2024-04-13 13:37:36"
"8","Javonte Renner","bednar.valentina@example.org","2024-04-13 13:37:36","$2y$10$92IXUNpkjO0rOQ5byMi.Ye4oKoEa3Ro9llC/.og/at2.uheWG/igi","69hyDjAL8N","2024-04-13 13:37:36","2024-04-13 13:37:36"
"9","Bernard Gaylord","hintz.paolo@example.net","2024-04-13 13:37:36","$2y$10$92IXUNpkjO0rOQ5byMi.Ye4oKoEa3Ro9llC/.og/at2.uheWG/igi","kaZPuuvpxQ","2024-04-13 13:37:36","2024-04-13 13:37:36"
"10","Roxanne Mayert","richie.rutherford@example.com","2024-04-13 13:37:36","$2y$10$92IXUNpkjO0rOQ5byMi.Ye4oKoEa3Ro9llC/.og/at2.uheWG/igi","lTrRKkCMjq","2024-04-13 13:37:36","2024-04-13 13:37:36"
"11","Alexander Beahan","rice.rosalyn@example.org","2024-04-13 13:37:36","$2y$10$92IXUNpkjO0rOQ5byMi.Ye4oKoEa3Ro9llC/.og/at2.uheWG/igi","DbLmBNvE6h","2024-04-13 13:37:36","2024-04-13 13:37:36"
